x,y
0.0,8.973713224089861
0.05025125628140704,3.7481821993020206
0.10050251256281408,9.900202277179975
0.15075376884422112,16.777430942373012
0.20100502512562815,2.6045639670879366
0.2512562814070352,2.4993949380784324
0.30150753768844224,16.9109935015597
0.35175879396984927,10.331669949583969
0.4020100502512563,0.3613989227726493
0.45226130653266333,8.39277700786299
0.5025125628140704,0.2901585206300208
0.5527638190954774,0.22696619355354786
0.6030150753768845,5.853907308661199
0.6532663316582915,-11.412527152080695
0.7035175879396985,-9.920021430842375
0.7537688442211056,-0.623271825554256
0.8040201005025126,-4.221812620158787
0.8542713567839196,6.41072369245331
0.9045226130653267,-3.341438128272614
0.9547738693467337,-7.339564935547866
1.0050251256281408,15.73026578077573
1.0552763819095479,2.255176934811283
1.105527638190955,4.668025440538668
1.155778894472362,-7.19367246730923
1.206030150753769,-0.06413479940845157
1.256281407035176,5.2750224438979645
1.306532663316583,-4.713491408701924
1.35678391959799,7.616957596930776
1.407035175879397,-0.06671907466470017
1.4572864321608041,2.541958195891305
1.5075376884422111,0.2090738009855615
1.5577889447236182,19.998271434506897
1.6080402010050252,5.239488175178017
1.6582914572864322,-2.9367006888881813
1.7085427135678393,12.292967564293505
1.7587939698492463,-3.856418652559774
1.8090452261306533,7.789062342018296
1.8592964824120604,-9.341283619254664
1.9095477386934674,-4.061386474569177
1.9597989949748744,8.37711710343742
2.0100502512562817,12.95818591134532
2.0603015075376887,8.679726330830842
2.1105527638190957,6.652021387165636
2.1608040201005028,5.446906401549171
2.21105527638191,-3.6838108816525814
2.261306532663317,2.6843412041839647
2.311557788944724,5.06681528874957
2.361809045226131,17.52783460629687
2.412060301507538,12.148835208242346
2.462311557788945,-4.365299501026664
2.512562814070352,12.680927102245557
2.562814070351759,7.366931464000093
2.613065326633166,5.401648820157821
2.663316582914573,16.08997100363874
2.71356783919598,19.834193498217147
2.763819095477387,19.43617565154831
2.814070351758794,5.682032648238235
2.864321608040201,10.342012717641687
2.9145728643216082,15.895858821143413
2.9648241206030153,21.490252787388712
3.0150753768844223,10.302739023173896
3.0653266331658293,13.111203023183492
3.1155778894472363,6.216237710035056
3.1658291457286434,5.977807930058608
3.2160804020100504,22.53831167750969
3.2663316582914574,27.388770257606254
3.3165829145728645,16.47361474211201
3.3668341708542715,25.59890533863732
3.4170854271356785,20.99477755166008
3.4673366834170856,13.481879265247336
3.5175879396984926,22.085250851996406
3.5678391959798996,32.05972800052905
3.6180904522613067,20.040277371825322
3.6683417085427137,33.42558590215206
3.7185929648241207,0.5421275488885726
3.7688442211055277,28.677060897606275
3.819095477386935,23.410070644539243
3.869346733668342,20.943589285967768
3.919597989949749,24.701789048070996
3.969849246231156,8.709307020103541
4.020100502512563,23.50473949036574
4.07035175879397,28.781372176346395
4.120603015075377,38.42008172840258
4.170854271356784,23.133326145530734
4.2211055276381915,21.504198344855315
4.2713567839195985,24.66085085063687
4.3216080402010055,36.71098492727353
4.371859296482413,32.74073840430963
4.42211055276382,26.6057101933025
4.472361809045227,35.69309433978375
4.522613065326634,33.11683907613076
4.572864321608041,40.85274316711052
4.623115577889448,28.260623808361004
4.673366834170855,32.03931745816153
4.723618090452262,32.31741623248169
4.773869346733669,24.549929454108735
4.824120603015076,39.44087959234045
4.874371859296483,39.98432864495256
4.92462311557789,38.77086396737419
4.974874371859297,37.697429848985806
5.025125628140704,29.105432336367585
5.075376884422111,37.927607802463385
5.125628140703518,39.42552711921889
5.175879396984925,36.63359871953834
5.226130653266332,42.656205556892886
5.276381909547739,48.08367323667838
5.326633165829146,60.85562947881887
5.376884422110553,48.08774141379333
5.42713567839196,49.68659943395616
5.477386934673367,47.97580713411158
5.527638190954774,34.17648364494689
5.577889447236181,50.27992202587523
5.628140703517588,51.949355126158345
5.678391959798995,72.15903151870505
5.728643216080402,51.90988882779784
5.778894472361809,56.86693796697123
5.8291457286432165,55.192748507947314
5.8793969849246235,47.147002556951385
5.9296482412060305,66.67509432137763
5.9798994974874375,64.5941617691329
6.030150753768845,65.96323954139577
6.080402010050252,53.426271539137616
6.130653266331659,73.00021363245989
6.180904522613066,51.64963936513985
6.231155778894473,68.6559940954187
6.28140703517588,82.59157258406626
6.331658291457287,58.26052796414225
6.381909547738694,62.781428470998335
6.432160804020101,69.24611372618585
6.482412060301508,65.56829082525076
6.532663316582915,58.34808261737838
6.582914572864322,72.46928862711418
6.633165829145729,64.59985063664706
6.683417085427136,78.07461606435875
6.733668341708543,68.1281797732597
6.78391959798995,89.09084667015472
6.834170854271357,71.6432436292402
6.884422110552764,76.56077713123184
6.934673366834171,86.8835070478132
6.984924623115578,71.77665558039422
7.035175879396985,84.70155114674036
7.085427135678392,94.60741601723966
7.135678391959799,72.56891117459475
7.185929648241206,88.1944517424788
7.236180904522613,90.09514780637495
7.28643216080402,95.57947375980471
7.336683417085427,80.74819118679166
7.386934673366834,81.40915081240365
7.437185929648241,97.48744384030601
7.4874371859296485,97.03699705456074
7.5376884422110555,98.02437157981811
7.5879396984924625,100.16142431641418
7.63819095477387,93.32915148622918
7.688442211055277,102.01699020959529
7.738693467336684,103.90325254717833
7.788944723618091,97.25367430009096
7.839195979899498,119.31459537200445
7.889447236180905,109.60907704371662
7.939698492462312,97.72810084740848
7.989949748743719,113.96117359773912
8.040201005025127,102.37160802552016
8.090452261306533,117.93615563098
8.14070351758794,122.38876160183275
8.190954773869347,108.04515734672437
8.241206030150755,123.81834460628863
8.291457286432161,120.92440342165347
8.341708542713569,125.71955847497628
8.391959798994975,135.84844300014223
8.442211055276383,120.25211690980946
8.492462311557789,117.73655597692563
8.542713567839197,118.21165406376605
8.592964824120603,120.37271218506274
8.643216080402011,127.86390650852097
8.693467336683417,132.80156245644582
8.743718592964825,133.88760028166325
8.793969849246231,139.90336786345307
8.84422110552764,135.0118457453614
8.894472361809045,148.16813272180136
8.944723618090453,136.06473568787533
8.99497487437186,161.5955746907635
9.045226130653267,146.5018918994656
9.095477386934673,136.3117251803457
9.145728643216081,136.28437891654897
9.195979899497488,150.4039322473767
9.246231155778895,146.45918542224916
9.296482412060302,155.67172719204888
9.34673366834171,155.46856052538817
9.396984924623116,152.83306527206386
9.447236180904524,148.38448462832216
9.49748743718593,144.7932951299644
9.547738693467338,155.10329262052858
9.597989949748744,167.30004265629734
9.648241206030152,163.94514307442748
9.698492462311558,154.0601244663976
9.748743718592966,167.21522443264215
9.798994974874372,170.72615914843394
9.84924623115578,162.3967044607963
9.899497487437186,172.531409392803
9.949748743718594,173.6114236426717
10.0,165.85623761735502
