YearsExperience,Salary
1.2000000000000002,39344.0
1.4,46206.0
1.6,37732.0
2.1,43526.0
2.3000000000000003,39892.0
3.0,56643.0
3.1,60151.0
3.3000000000000003,54446.0
3.3000000000000003,64446.0
3.8,57190.0
4.0,63219.0
4.1,55795.0
4.1,56958.0
4.199999999999999,57082.0
4.6,61112.0
5.0,67939.0
5.199999999999999,66030.0
5.4,83089.0
6.0,81364.0
6.1,93941.0
6.9,91739.0
7.199999999999999,98274.0
8.0,101303.0
8.299999999999999,113813.0
8.799999999999999,109432.0
9.1,105583.0
9.6,116970.0
9.7,112636.0
10.4,122392.0
10.6,121873.0
1.34901424590337,38140.586775541204
1.3585207096486445,49910.556369017875
1.7943065614302078,37705.00555052413
2.5569089569224075,41410.5781420882
2.2297539875829995,41537.08982420638
2.9297589129152457,54201.312700057955
3.5737638446522175,60568.72719000951
3.530230418745873,50526.65975224045
3.159157684219515,61789.62790220314
3.9627680130757894,57583.72247173825
3.8609746921562613,64695.93315999082
3.9602810739289227,56137.73656237994
4.17258868146981,56726.70343522352
3.62601592660266,56479.79260882142
4.08252465024609,58154.95601926515
4.831313741227708,66499.31158321058
4.896150663899673,65108.722458080425
5.494274199778583,85203.24445243784
5.727592777343637,82051.23657913692
5.6763088895994125,90414.91968927454
7.339694630676466,92387.16793878959
7.1322671098540384,97503.83543916736
8.020258461406376,99949.15599938808
7.8725755441359615,115036.35257768174
8.636685182642443,111493.9990449919
9.13327677691296,107445.5602382324
9.25470192677331,115291.56495355473
9.812709405503702,112017.57524829757
10.219808393024358,123054.52686280712
10.512491875062016,123824.09025424471
1.0562477286464131,39538.15509869608
1.3443023070008548,48143.28998106578
1.2680995077981916,36327.8938122453
1.741138012775799,42870.67570680446
2.5437577467182595,39107.783693735684
3.4068720085712467,53715.97010373576
3.0783969635259,60743.24055412915
3.6010598693676075,54968.11054435978
3.4084908075142906,64456.226913284925
3.6064640736184623,56720.82573324971
4.108418681652524,60388.25851589917
4.56141096993979,54953.70935446928
4.0892521882670145,56272.57096694646
4.669393096744201,55477.44546155676
3.8140764687730764,60789.42857666798
5.246570751312567,68747.10171362908
5.2261141204714505,69802.37180242105
5.31029779486024,83438.15562566368
6.027528232960651,81879.10078144552
5.503729325619732,93792.10816846766
6.834098433648747,87901.45756940191
7.307133771453524,98220.97224910157
8.443368213422454,101423.46041988206
8.144518934517905,118739.48422497057
8.557451919132042,109047.27807043775
8.949472886924639,106186.09468466723
9.874620635310622,116900.57646058951
9.798625332897904,110298.64392476094
10.241071938869888,124677.64562903004
10.753980229934006,123376.86606537354
1.4373095841129142,39844.98570069175
1.1271837635615782,46898.89641899395
2.0208382932808298,36371.95055684302
1.6794446811623158,43990.507394322005
2.476057128140081,40478.144946597364
3.6571366877429936,55214.29716394727
2.8028391024607937,63882.54902228952
3.130110681119169,55393.665841823575
3.3298954095262925,62063.393005594706
3.64895730376514,58503.10721726766
3.53480097068016,61269.63665954536
4.120568892441808,57369.169207484905
3.781308885882168,59275.19115801481
4.342077729190554,55440.63536329658
4.324172729729859,63038.75225848865
5.464980321505262,68764.56185387299
4.9650240122991285,67674.12031998899
5.303381545138298,86882.5859653079
6.244055165210901,80873.22376799426
5.730740705069813,92433.52767128502
6.9682379803812395,89959.97114074895
7.592142826284728,96642.37943006912
7.517755029631632,101148.79658117179
8.35539015755969,114495.3039496333
8.877964838274526,109985.38159866004
9.334546861533193,107237.36649807205
9.228914786736574,116996.00378375582
9.303863016074716,115543.06815431463
10.55658246968507,121862.68633352409
10.689095401969956,127313.33833317924
1.387700204329502,40485.781021386334
1.1428527330751153,48477.131280361195
1.2787322505816663,39640.0035269864
2.2447417245729557,44828.7825026116
2.232961164402245,39261.46151071931
3.2142001482276275,58160.93844098654
3.2419712873720634,58605.34957092485
3.2781513262029383,53972.36278651998
3.0459618845794787,63475.27290434179
3.34554583259424,57353.74827877265
3.8660455143798935,67848.31713334702
4.356919638297041,52060.4696148165
4.164228123239061,58330.520380749025
3.826278366386403,53856.5682576207
4.651954277755355,60168.136268421134
5.115595213918651,70116.90119393473
4.934842769139659,66158.56003819093
5.446117531783659,80933.51044414139
6.0174626155338,79933.39258148006
5.757108910650813,95300.19549786935
7.007336208104485,90278.26673656573
7.36823535791047,98706.91717916395
8.324915372952583,101394.14367980763
8.616140615610469,112509.79930478836
8.386699189612871,113719.88817865065
8.818652488025462,106850.83804463602
9.754510580162597,112919.71482668478
9.854135785273662,113008.90862953886
10.554514305891814,121068.42707046322
11.755819447196416,123577.86666959245
0.96224377847019,42226.54657813223
1.3655790675599302,43334.27569764112
1.7514961836941372,40058.32750430992
2.3597265582510367,43546.46612203917
1.9399110778832673,37928.982697904095
2.8996496292477154,57567.20694852654
2.9575164066517132,60549.11939114694
3.1040012302278868,53245.566245682414
3.829636272084329,64585.60416998004
3.9214945132882866,56419.37280627648
3.6217348136994865,63446.03469050249
4.375358584116433,57119.26134904209
4.736646859103789,60130.0336322907
4.509739578165343,54606.3690023463
4.144189010213796,65378.06674931254
4.854729778140125,64034.824400954996
5.580073344755986,65726.42980992883
5.1876991603143665,84265.63441296916
6.133145828443869,81925.98373547007
6.3323902160288,92695.60096035882
6.621920858526575,91322.75549928546
7.18214239318146,97287.99813068233
7.027619797979279,100124.27048611158
7.992683707599712,115512.20419404205
8.72422955458205,110146.0309719301
8.725665045410544,104197.1808094787
10.08972339117949,118769.19975086651
9.270957586611809,113250.59904175322
10.267986653990905,124017.72423767792
10.639222173185827,123132.25768384723
0.9513014967233785,39319.50645430617
1.231945687940909,44411.491257028334
1.8241880815369786,37883.60911638745
2.2831110796300393,42171.67657697578
2.293729521810756,41842.239466835505
3.0351982149926346,56348.885236995724
3.4832994687365275,58500.005606414976
3.122528583349251,53803.22831669401
3.464129214351012,65271.86290855125
3.7393422042698314,56062.55089439205
3.9346956390318337,61574.55920886714
4.429633055596157,56282.37442298383
4.347624904696408,57447.933142217444
4.444052890800191,56068.11364925774
4.991643642146299,60169.92338876335
5.0063011524898275,68403.09987471528
5.404585891388488,63133.83131700535
5.306919973021963,80274.07245124689
6.097249905746533,79927.11155749513
6.060957083689694,93514.1056965763
6.929098789497816,92360.81513119601
7.378547107631073,101224.7124338991
7.754533795029959,103018.31924640403
8.927716182705637,113493.12294007314
8.498194785550089,109393.96758419462
8.73574341616368,103577.94127072438
9.94743326205002,116932.97372801522
9.93749880818888,112058.68272215972
10.587235945115648,123037.43712067619
10.788503652779283,120218.53811289536
1.355803954272352,37547.170657303286
1.8598216739007731,47189.83834301301
1.5673719554629428,35091.533585958714
2.2205135166296825,47188.91753170871
2.507043197513334,42250.88024144257
2.879633858434249,55704.64869579059
3.167227744543125,56724.73094181824
3.303777720234539,57153.74474833083
3.3293028295646496,64216.920309494766
3.56809706484336,59665.63262394692
4.007353052277683,60030.144682411265
4.249399487373634,54596.249954092455
4.535343082338512,56968.487399436366
4.487781247825561,57175.96118752949
5.2459547372534665,60211.86905704151
4.769795731133585,69184.699864695
5.461696191016203,63894.75914123481
5.455002601721506,82804.24102995741
6.656940879965302,81604.5912634238
5.8575105143934545,94969.8776681175
6.648083447345767,93162.22975617778
7.020182206366792,96024.71581632426
7.362831282707058,98234.77165852876
8.14227349349577,116368.35364379702
8.57226020153389,110096.62802395919
9.145118135942862,104086.02692688689
9.702526792733147,120072.30395104505
10.262851251764765,112867.34926858572
10.685127151455815,124750.59436812765
10.42692890330128,122008.03696282022
1.8182243774645963,39218.641805453655
1.9266022527329612,48116.28464100248
1.5253107554562781,35760.54790732891
2.3914712852863067,44534.093031035685
2.4936127848755447,38831.48476325512
3.4105894672597046,55057.254335475314
2.810522961825969,59936.93928009088
3.505815437999532,52375.51535516125
3.6175273460548767,63338.701389305636
3.2723781540730656,54794.244214822305
3.6450224462002674,67148.45026583278
3.4882303466719695,55865.52710394346
4.019177949666632,55558.54898401483
4.415262676738788,57509.959821468445
5.050707115628808,60887.34390061834
5.022228434125933,67497.06080093356
5.688584663671387,67258.33340008685
4.985969562535533,84604.01542009461
5.488985268193454,80302.99770477894
6.083335690331014,92789.36351871064
7.0152196346817925,91188.89660569672
7.190191575571771,93670.15767052883
7.379767369988037,98272.6178756029
8.273263988146162,116546.74853488905
8.408659149848543,112721.93542700257
9.30090176464901,105084.92792088725
9.709979473829055,118123.11392611153
9.418036064101793,113258.50030908707
10.245839924798993,128549.76161691047
10.282235943433314,124112.14982286915
1.1616247225557703,39884.91365155968
1.1133378678198722,46105.52378110173
1.1180661039227284,37254.10390626718
2.161039090760167,41710.872675916806
2.073094776414709,38738.457338863336
2.5733238871206976,58153.78245165151
2.9060281347272423,61152.83437524876
2.9755355989156818,52490.8895104029
3.80614249052177,64644.664610858454
4.064491927084835,58692.774246743575
3.997608207605015,59880.18943775725
4.543983241667007,56881.72038475987
4.123210492294285,55632.752482108306
3.94161473960152,58223.19733718632
5.0569372231808964,59585.481686914965
5.161673013105397,64329.23579867096
4.8888261537020625,62774.915124233674
5.342898396574918,83185.16989332276
5.737314523984573,81883.44500344296
5.685160080710699,92132.36674979118
7.177853264259493,93016.18491755475
7.772824992141039,94950.95987546208
7.580429727854257,101170.84040270536
8.468890771007171,111390.96760047508
8.60480722926345,108128.32778439567
8.953862384870591,105677.79734263282
9.422281822728339,115249.1732694321
9.440802769096054,111866.88891154034
10.414556488383448,124404.58561842889
10.350714965076689,120719.2162609537
1.4507076336195426,39380.836758379104
1.0610879436027145,49558.87462455057
1.758941253374585,38385.85474752833
2.53247058619737,43087.79894238227
1.5585066499618137,41550.811162366976
2.760931423358857,52220.72938198423
3.273121638154162,60622.22911621713
3.2390863841871025,55987.73038777393
3.411343762011393,61488.827508440314
3.618804443985254,59477.50808641386
4.02597693624187,63895.99281498883
4.053296829382376,54964.4241721984
4.4503346184979415,58223.56373221257
4.276326252990363,61623.38571560879
4.701280798622561,61475.73251011699
4.876436910163259,68435.44117260067
5.053718132778251,65111.278200919514
5.270232543654114,81389.31126107041
6.118335642713489,83024.6716330885
5.973704655753921,92228.83234818226
6.986932457068924,91882.13247443878
7.822620239593631,97318.68510646977
8.261337411029508,102260.95965149278
8.202192940349647,114480.32421057389
9.160364176649182,111507.0798885158
8.977577388093534,104562.9672022905
8.988562639446643,116430.25012941325
9.397574106724779,110678.47256843539
9.838762423692243,121503.41347984778
10.494545954787608,122627.6009860897
